Country Name,Country Code,Indicator Name,2000,2001,2002,2003,2004,2005,2006,2007,2008,2009,2010,2011,2012,2013,2014,2015,2016,2017
Aruba,ABW,青春期生育率（每千名 15-19 岁女性生育数）,43.593,42.356,41.119,39.6676,38.2162,36.7648,35.3134,33.862,32.792,31.722,30.652,29.582,28.512,27.3444,26.1768,25.0092,23.8416,22.674
Afghanistan,AFG,青春期生育率（每千名 15-19 岁女性生育数）,153.951,150.192,146.433,143.7648,141.0966,138.4284,135.7602,133.092,126.633,120.174,113.715,107.256,100.797,94.429,88.061,81.693,75.325,68.957
Angola,AGO,青春期生育率（每千名 15-19 岁女性生育数）,196.6992,194.7656,192.832,190.5114,188.1908,185.8702,183.5496,181.229,178.4632,175.6974,172.9316,170.1658,167.4,164.0252,160.6504,157.2756,153.9008,150.526
Albania,ALB,青春期生育率（每千名 15-19 岁女性生育数）,19.0372,18.9396,18.842,18.765,18.688,18.611,18.534,18.457,18.9116,19.3662,19.8208,20.2754,20.73,20.5124,20.2948,20.0772,19.8596,19.642
Andorra,AND,青春期生育率（每千名 15-19 岁女性生育数）,,,,,,,,,,,,,,,,,,
Arab World,ARB,青春期生育率（每千名 15-19 岁女性生育数）,54.34604771,53.30940739,52.2977427,51.89782434,51.53838449,51.21296301,50.8396013,50.51953947,50.3052866,50.11920544,49.96689653,49.86689093,49.79082562,49.34496325,48.85366465,48.27973701,47.50548913,46.68885146
United Arab Emirates,ARE,青春期生育率（每千名 15-19 岁女性生育数）,26.3898,25.9894,25.589,26.4506,27.3122,28.1738,29.0354,29.897,27.2716,24.6462,22.0208,19.3954,16.77,14.7252,12.6804,10.6356,8.5908,6.546
Argentina,ARG,青春期生育率（每千名 15-19 岁女性生育数）,66.3552,65.2066,64.058,63.834,63.61,63.386,63.162,62.938,63.0638,63.1896,63.3154,63.4412,63.567,63.41,63.253,63.096,62.939,62.782
Armenia,ARM,青春期生育率（每千名 15-19 岁女性生育数）,39.3926,35.8928,32.393,31.4714,30.5498,29.6282,28.7066,27.785,27.1964,26.6078,26.0192,25.4306,24.842,24.1716,23.5012,22.8308,22.1604,21.49
American Samoa,ASM,青春期生育率（每千名 15-19 岁女性生育数）,,,,,,,,,,,,,,,,,,
Antigua and Barbuda,ATG,青春期生育率（每千名 15-19 岁女性生育数）,61.9748,60.8384,59.702,57.9936,56.2852,54.5768,52.8684,51.16,50.328,49.496,48.664,47.832,47,46.1564,45.3128,44.4692,43.6256,42.782
Australia,AUS,青春期生育率（每千名 15-19 岁女性生育数）,17.9326,17.4258,16.919,16.9552,16.9914,17.0276,17.0638,17.1,16.1404,15.1808,14.2212,13.2616,12.302,12.1846,12.0672,11.9498,11.8324,11.715
Austria,AUT,青春期生育率（每千名 15-19 岁女性生育数）,13.9232,13.6346,13.346,12.9022,12.4584,12.0146,11.5708,11.127,10.5944,10.0618,9.5292,8.9966,8.464,8.2392,8.0144,7.7896,7.5648,7.34
Azerbaijan,AZE,青春期生育率（每千名 15-19 岁女性生育数）,36.5066,34.5648,32.623,33.7954,34.9678,36.1402,37.3126,38.485,40.636,42.787,44.938,47.089,49.24,50.5596,51.8792,53.1988,54.5184,55.838
Burundi,BDI,青春期生育率（每千名 15-19 岁女性生育数）,76.266,75.368,74.47,72.6116,70.7532,68.8948,67.0364,65.178,64.2804,63.3828,62.4852,61.5876,60.69,59.67,58.65,57.63,56.61,55.59
Belgium,BEL,青春期生育率（每千名 15-19 岁女性生育数）,10.6408,10.7954,10.95,10.766,10.582,10.398,10.214,10.03,9.2298,8.4296,7.6294,6.8292,6.029,5.7534,5.4778,5.2022,4.9266,4.651
Benin,BEN,青春期生育率（每千名 15-19 岁女性生育数）,118.5246,117.0918,115.659,114.263,112.867,111.471,110.075,108.679,106.2162,103.7534,101.2906,98.8278,96.365,94.3112,92.2574,90.2036,88.1498,86.096
Burkina Faso,BFA,青春期生育率（每千名 15-19 岁女性生育数）,139.304,138.203,137.102,135.6118,134.1216,132.6314,131.1412,129.651,126.8024,123.9538,121.1052,118.2566,115.408,113.1922,110.9764,108.7606,106.5448,104.329
Bangladesh,BGD,青春期生育率（每千名 15-19 岁女性生育数）,112.2538,109.1354,106.017,103.6338,101.2506,98.8674,96.4842,94.101,93.0018,91.9026,90.8034,89.7042,88.605,87.4764,86.3478,85.2192,84.0906,82.962
Bulgaria,BGR,青春期生育率（每千名 15-19 岁女性生育数）,44.808,43.661,42.514,43.2528,43.9916,44.7304,45.4692,46.208,45.7176,45.2272,44.7368,44.2464,43.756,42.9768,42.1976,41.4184,40.6392,39.86
Bahrain,BHR,青春期生育率（每千名 15-19 岁女性生育数）,17.583,17.184,16.785,16.3854,15.9858,15.5862,15.1866,14.787,14.6282,14.4694,14.3106,14.1518,13.993,13.868,13.743,13.618,13.493,13.368
"Bahamas, The",BHS,青春期生育率（每千名 15-19 岁女性生育数）,51.222,47.662,44.102,43.1744,42.2468,41.3192,40.3916,39.464,38.1306,36.7972,35.4638,34.1304,32.797,32.2378,31.6786,31.1194,30.5602,30.001
Bosnia and Herzegovina,BIH,青春期生育率（每千名 15-19 岁女性生育数）,21.4168,20.1424,18.868,18.3324,17.7968,17.2612,16.7256,16.19,15.3634,14.5368,13.7102,12.8836,12.057,11.574,11.091,10.608,10.125,9.642
Belarus,BLR,青春期生育率（每千名 15-19 岁女性生育数）,27.783,26.037,24.291,23.8958,23.5006,23.1054,22.7102,22.315,22.1266,21.9382,21.7498,21.5614,21.373,19.9998,18.6266,17.2534,15.8802,14.507
Belize,BLZ,青春期生育率（每千名 15-19 岁女性生育数）,97.2162,94.2016,91.187,88.6808,86.1746,83.6684,81.1622,78.656,77.4606,76.2652,75.0698,73.8744,72.679,71.8406,71.0022,70.1638,69.3254,68.487
Bermuda,BMU,青春期生育率（每千名 15-19 岁女性生育数）,,,,,,,,,,,,,,,,,,
Bolivia,BOL,青春期生育率（每千名 15-19 岁女性生育数）,86.5276,86.1188,85.71,84.9532,84.1964,83.4396,82.6828,81.926,80.1186,78.3112,76.5038,74.6964,72.889,71.2912,69.6934,68.0956,66.4978,64.9
Brazil,BRA,青春期生育率（每千名 15-19 岁女性生育数）,82.21,81.526,80.842,78.904,76.966,75.028,73.09,71.152,69.7322,68.3124,66.8926,65.4728,64.053,63.0646,62.0762,61.0878,60.0994,59.111
Barbados,BRB,青春期生育率（每千名 15-19 岁女性生育数）,51.1212,50.8186,50.516,49.8788,49.2416,48.6044,47.9672,47.33,46.4058,45.4816,44.5574,43.6332,42.709,40.8772,39.0454,37.2136,35.3818,33.55
Brunei Darussalam,BRN,青春期生育率（每千名 15-19 岁女性生育数）,27.4754,27.0112,26.547,24.849,23.151,21.453,19.755,18.057,17.3338,16.6106,15.8874,15.1642,14.441,13.6072,12.7734,11.9396,11.1058,10.272
Bhutan,BTN,青春期生育率（每千名 15-19 岁女性生育数）,77.1602,73.1576,69.155,64.9028,60.6506,56.3984,52.1462,47.894,43.913,39.932,35.951,31.97,27.989,26.428,24.867,23.306,21.745,20.184
Botswana,BWA,青春期生育率（每千名 15-19 岁女性生育数）,59.1762,55.4586,51.741,51.1248,50.5086,49.8924,49.2762,48.66,48.558,48.456,48.354,48.252,48.15,47.7322,47.3144,46.8966,46.4788,46.061
Central African Republic,CAF,青春期生育率（每千名 15-19 岁女性生育数）,149.054,148.511,147.968,147.1534,146.3388,145.5242,144.7096,143.895,142.809,141.723,140.637,139.551,138.465,136.5868,134.7086,132.8304,130.9522,129.074
Canada,CAN,青春期生育率（每千名 15-19 岁女性生育数）,16.8338,15.7394,14.645,14.4514,14.2578,14.0642,13.8706,13.677,13.2404,12.8038,12.3672,11.9306,11.494,10.8726,10.2512,9.6298,9.0084,8.387
Switzerland,CHE,青春期生育率（每千名 15-19 岁女性生育数）,5.4812,5.4116,5.342,5.1734,5.0048,4.8362,4.6676,4.499,4.2998,4.1006,3.9014,3.7022,3.503,3.355,3.207,3.059,2.911,2.763
Channel Islands,CHI,青春期生育率（每千名 15-19 岁女性生育数）,13.656,13.01,12.364,12.075,11.786,11.497,11.208,10.919,10.4878,10.0566,9.6254,9.1942,8.763,8.3832,8.0034,7.6236,7.2438,6.864
Chile,CHL,青春期生育率（每千名 15-19 岁女性生育数）,60.3632,58.6966,57.03,56.6368,56.2436,55.8504,55.4572,55.064,54.8116,54.5592,54.3068,54.0544,53.802,51.252,48.702,46.152,43.602,41.052
China,CHN,青春期生育率（每千名 15-19 岁女性生育数）,9.911,9.33,8.749,8.4572,8.1654,7.8736,7.5818,7.29,7.3074,7.3248,7.3422,7.3596,7.377,7.4286,7.4802,7.5318,7.5834,7.635
Cote d'Ivoire,CIV,青春期生育率（每千名 15-19 岁女性生育数）,137.767,137.584,137.401,136.3116,135.2222,134.1328,133.0434,131.954,130.4458,128.9376,127.4294,125.9212,124.413,123.0558,121.6986,120.3414,118.9842,117.627
Cameroon,CMR,青春期生育率（每千名 15-19 岁女性生育数）,154.7712,152.3776,149.984,146.3422,142.7004,139.0586,135.4168,131.775,129.6118,127.4486,125.2854,123.1222,120.959,117.9272,114.8954,111.8636,108.8318,105.8
"Congo, Dem. Rep.",COD,青春期生育率（每千名 15-19 岁女性生育数）,125.4476,125.8948,126.342,127.2276,128.1132,128.9988,129.8844,130.77,130.4848,130.1996,129.9144,129.6292,129.344,128.3192,127.2944,126.2696,125.2448,124.22
"Congo, Rep.",COG,青春期生育率（每千名 15-19 岁女性生育数）,122.1396,121.8888,121.638,121.4256,121.2132,121.0008,120.7884,120.576,120.13,119.684,119.238,118.792,118.346,117.1226,115.8992,114.6758,113.4524,112.229
Colombia,COL,青春期生育率（每千名 15-19 岁女性生育数）,97.6814,96.6012,95.521,92.8456,90.1702,87.4948,84.8194,82.144,80.3788,78.6136,76.8484,75.0832,73.318,71.9846,70.6512,69.3178,67.9844,66.651
Comoros,COM,青春期生育率（每千名 15-19 岁女性生育数）,94.8934,93.5442,92.195,89.6594,87.1238,84.5882,82.0526,79.517,78.5028,77.4886,76.4744,75.4602,74.446,72.627,70.808,68.989,67.17,65.351
Cabo Verde,CPV,青春期生育率（每千名 15-19 岁女性生育数）,96.512,95.183,93.854,92.7968,91.7396,90.6824,89.6252,88.568,86.5846,84.6012,82.6178,80.6344,78.651,77.6726,76.6942,75.7158,74.7374,73.759
Costa Rica,CRI,青春期生育率（每千名 15-19 岁女性生育数）,74.9312,72.1836,69.436,68.2628,67.0896,65.9164,64.7432,63.57,62.8094,62.0488,61.2882,60.5276,59.767,58.5056,57.2442,55.9828,54.7214,53.46
Cuba,CUB,青春期生育率（每千名 15-19 岁女性生育数）,52.9062,50.9856,49.065,48.7594,48.4538,48.1482,47.8426,47.537,48.7802,50.0234,51.2666,52.5098,53.753,53.3208,52.8886,52.4564,52.0242,51.592
Curacao,CUW,青春期生育率（每千名 15-19 岁女性生育数）,41.2672,40.4536,39.64,39.144,38.648,38.152,37.656,37.16,36.7452,36.3304,35.9156,35.5008,35.086,33.6572,32.2284,30.7996,29.3708,27.942
Cayman Islands,CYM,青春期生育率（每千名 15-19 岁女性生育数）,,,,,,,,,,,,,,,,,,
Cyprus,CYP,青春期生育率（每千名 15-19 岁女性生育数）,9.5572,8.3916,7.226,7.0678,6.9096,6.7514,6.5932,6.435,6.1802,5.9254,5.6706,5.4158,5.161,5.0452,4.9294,4.8136,4.6978,4.582
Czech Republic,CZE,青春期生育率（每千名 15-19 岁女性生育数）,13.4416,12.4008,11.36,11.3114,11.2628,11.2142,11.1656,11.117,11.044,10.971,10.898,10.825,10.752,10.996,11.24,11.484,11.728,11.972
Germany,DEU,青春期生育率（每千名 15-19 岁女性生育数）,12.6676,12.5188,12.37,11.8502,11.3304,10.8106,10.2908,9.771,9.4294,9.0878,8.7462,8.4046,8.063,8.0694,8.0758,8.0822,8.0886,8.095
Djibouti,DJI,青春期生育率（每千名 15-19 岁女性生育数）,33.099,32.009,30.919,29.7976,28.6762,27.5548,26.4334,25.312,24.592,23.872,23.152,22.432,21.712,21.1378,20.5636,19.9894,19.4152,18.841
Dominica,DMA,青春期生育率（每千名 15-19 岁女性生育数）,,,,,,,,,,,,,,,,,,
Denmark,DNK,青春期生育率（每千名 15-19 岁女性生育数）,7.1736,6.8958,6.618,6.4682,6.3184,6.1686,6.0188,5.869,5.5824,5.2958,5.0092,4.7226,4.436,4.3734,4.3108,4.2482,4.1856,4.123
Dominican Republic,DOM,青春期生育率（每千名 15-19 岁女性生育数）,107.8534,107.1772,106.501,106.1268,105.7526,105.3784,105.0042,104.63,103.2216,101.8132,100.4048,98.9964,97.588,96.9224,96.2568,95.5912,94.9256,94.26
Algeria,DZA,青春期生育率（每千名 15-19 岁女性生育数）,11.7556,10.7178,9.68,9.6814,9.6828,9.6842,9.6856,9.687,10.0608,10.4346,10.8084,11.1822,11.556,11.259,10.962,10.665,10.368,10.071
East Asia & Pacific (excluding high income),,,,,,,,,,,,,,,,,,,,
Ecuador,ECU,青春期生育率（每千名 15-19 岁女性生育数）,84.1908,84.1524,84.114,84.0088,83.9036,83.7984,83.6932,83.588,83.4192,83.2504,83.0816,82.9128,82.744,82.0474,81.3508,80.6542,79.9576,79.261
"Egypt, Arab Rep.",EGY,青春期生育率（每千名 15-19 岁女性生育数）,55.6848,54.0844,52.484,51.8576,51.2312,50.6048,49.9784,49.352,50.6334,51.9148,53.1962,54.4776,55.759,55.371,54.983,54.595,54.207,53.819
Euro area,EMU,青春期生育率（每千名 15-19 岁女性生育数）,10.74179522,10.73805153,10.72521506,10.54359878,10.35197566,10.15606904,9.962733941,9.774632675,9.380909536,8.98377359,8.584276328,8.180126385,7.780091157,7.554894109,7.332392666,7.114383033,6.893647809,6.673134152
Eritrea,ERI,青春期生育率（每千名 15-19 岁女性生育数）,88.595,85.49,82.385,81.1238,79.8626,78.6014,77.3402,76.079,72.9266,69.7742,66.6218,63.4694,60.317,58.7642,57.2114,55.6586,54.1058,52.553
Spain,ESP,青春期生育率（每千名 15-19 岁女性生育数）,9.3164,9.7432,10.17,10.684,11.198,11.712,12.226,12.74,11.9864,11.2328,10.4792,9.7256,8.972,8.7226,8.4732,8.2238,7.9744,7.725
Estonia,EST,青春期生育率（每千名 15-19 岁女性生育数）,26.2586,24.8888,23.519,23.3278,23.1366,22.9454,22.7542,22.563,21.2766,19.9902,18.7038,17.4174,16.131,14.4444,12.7578,11.0712,9.3846,7.698
Ethiopia,ETH,青春期生育率（每千名 15-19 岁女性生育数）,110.6438,108.3464,106.049,102.1638,98.2786,94.3934,90.5082,86.623,84.894,83.165,81.436,79.707,77.978,75.7278,73.4776,71.2274,68.9772,66.727
European Union,EUU,青春期生育率（每千名 15-19 岁女性生育数）,15.73518605,15.44607607,15.17582939,15.16524667,15.13507763,15.06333727,14.92890713,14.73729421,14.07441847,13.43919992,12.83586425,12.24391887,11.65605924,11.2607926,10.87391331,10.49255653,10.10931047,9.736329752
Finland,FIN,青春期生育率（每千名 15-19 岁女性生育数）,10.1402,10.3656,10.591,10.319,10.047,9.775,9.503,9.231,8.8694,8.5078,8.1462,7.7846,7.423,7.101,6.779,6.457,6.135,5.813
Fiji,FJI,青春期生育率（每千名 15-19 岁女性生育数）,42.88,42.023,41.166,41.9814,42.7968,43.6122,44.4276,45.243,45.375,45.507,45.639,45.771,45.903,46.593,47.283,47.973,48.663,49.353
France,FRA,青春期生育率（每千名 15-19 岁女性生育数）,7.6438,7.7854,7.927,7.7912,7.6554,7.5196,7.3838,7.248,7.128,7.008,6.888,6.768,6.648,6.2638,5.8796,5.4954,5.1112,4.727
Faroe Islands,FRO,青春期生育率（每千名 15-19 岁女性生育数）,,,,,,,,,,,,,,,,,,
"Micronesia, Fed. Sts.",FSM,青春期生育率（每千名 15-19 岁女性生育数）,38.4866,36.3748,34.263,32.4956,30.7282,28.9608,27.1934,25.426,24.052,22.678,21.304,19.93,18.556,17.6296,16.7032,15.7768,14.8504,13.924
Gabon,GAB,青春期生育率（每千名 15-19 岁女性生育数）,138.5048,134.1064,129.708,127.1218,124.5356,121.9494,119.3632,116.777,114.6548,112.5326,110.4104,108.2882,106.166,104.1782,102.1904,100.2026,98.2148,96.227
United Kingdom,GBR,青春期生育率（每千名 15-19 岁女性生育数）,28.0886,27.3458,26.603,26.354,26.105,25.856,25.607,25.358,23.9822,22.6064,21.2306,19.8548,18.479,17.4572,16.4354,15.4136,14.3918,13.37
Georgia,GEO,青春期生育率（每千名 15-19 岁女性生育数）,53.2282,50.7896,48.351,48.832,49.313,49.794,50.275,50.756,50.9344,51.1128,51.2912,51.4696,51.648,50.6,49.552,48.504,47.456,46.408
Ghana,GHA,青春期生育率（每千名 15-19 岁女性生育数）,83.9638,81.7144,79.465,78.3214,77.1778,76.0342,74.8906,73.747,73.3528,72.9586,72.5644,72.1702,71.776,70.743,69.71,68.677,67.644,66.611
Gibraltar,GIB,青春期生育率（每千名 15-19 岁女性生育数）,,,,,,,,,,,,,,,,,,
Guinea,GIN,青春期生育率（每千名 15-19 岁女性生育数）,168.9176,167.1008,165.284,163.303,161.322,159.341,157.36,155.379,153.4778,151.5766,149.6754,147.7742,145.873,143.7572,141.6414,139.5256,137.4098,135.294
"Gambia, The",GMB,青春期生育率（每千名 15-19 岁女性生育数）,123.7992,120.7466,117.694,114.8452,111.9964,109.1476,106.2988,103.45,100.9386,98.4272,95.9158,93.4044,90.893,88.3514,85.8098,83.2682,80.7266,78.185
Guinea-Bissau,GNB,青春期生育率（每千名 15-19 岁女性生育数）,130.187,128.766,127.345,125.902,124.459,123.016,121.573,120.13,117.664,115.198,112.732,110.266,107.8,107.2046,106.6092,106.0138,105.4184,104.823
Equatorial Guinea,GNQ,青春期生育率（每千名 15-19 岁女性生育数）,183.0362,180.9126,178.789,177.949,177.109,176.269,175.429,174.589,173.0264,171.4638,169.9012,168.3386,166.776,164.5452,162.3144,160.0836,157.8528,155.622
Greece,GRC,青春期生育率（每千名 15-19 岁女性生育数）,11.0336,10.8128,10.592,10.7362,10.8804,11.0246,11.1688,11.313,10.7582,10.2034,9.6486,9.0938,8.539,8.2758,8.0126,7.7494,7.4862,7.223
Grenada,GRD,青春期生育率（每千名 15-19 岁女性生育数）,55.2782,53.2156,51.153,49.404,47.655,45.906,44.157,42.408,40.998,39.588,38.178,36.768,35.358,34.1218,32.8856,31.6494,30.4132,29.177
Greenland,GRL,青春期生育率（每千名 15-19 岁女性生育数）,,,,,,,,,,,,,,,,,,
Guatemala,GTM,青春期生育率（每千名 15-19 岁女性生育数）,111.514,109.069,106.624,103.1252,99.6264,96.1276,92.6288,89.13,87.0182,84.9064,82.7946,80.6828,78.571,77.0428,75.5146,73.9864,72.4582,70.93
Guam,GUM,青春期生育率（每千名 15-19 岁女性生育数）,62.3426,59.8318,57.321,55.2848,53.2486,51.2124,49.1762,47.14,45.4516,43.7632,42.0748,40.3864,38.698,37.301,35.904,34.507,33.11,31.713
Guyana,GUY,青春期生育率（每千名 15-19 岁女性生育数）,97.1796,98.6798,100.18,98.6598,97.1396,95.6194,94.0992,92.579,90.6756,88.7722,86.8688,84.9654,83.062,81.326,79.59,77.854,76.118,74.382
"Hong Kong SAR, China",HKG,青春期生育率（每千名 15-19 岁女性生育数）,4.3656,4.0448,3.724,3.5802,3.4364,3.2926,3.1488,3.005,3.0082,3.0114,3.0146,3.0178,3.021,2.9578,2.8946,2.8314,2.7682,2.705
Honduras,HND,青春期生育率（每千名 15-19 岁女性生育数）,116.1338,113.6964,111.259,108.0484,104.8378,101.6272,98.4166,95.206,92.1836,89.1612,86.1388,83.1164,80.094,78.6576,77.2212,75.7848,74.3484,72.912
Croatia,HRV,青春期生育率（每千名 15-19 岁女性生育数）,16.773,15.992,15.211,15.0844,14.9578,14.8312,14.7046,14.578,13.8968,13.2156,12.5344,11.8532,11.172,10.6738,10.1756,9.6774,9.1792,8.681
Haiti,HTI,青春期生育率（每千名 15-19 岁女性生育数）,68.519,67.581,66.643,65.799,64.955,64.111,63.267,62.423,61.4516,60.4802,59.5088,58.5374,57.566,56.388,55.21,54.032,52.854,51.676
Hungary,HUN,青春期生育率（每千名 15-19 岁女性生育数）,22.8472,21.9326,21.018,20.7232,20.4284,20.1336,19.8388,19.544,19.6982,19.8524,20.0066,20.1608,20.315,21.0478,21.7806,22.5134,23.2462,23.979
Indonesia,IDN,青春期生育率（每千名 15-19 岁女性生育数）,50.3512,51.1856,52.02,51.917,51.814,51.711,51.608,51.505,51.299,51.093,50.887,50.681,50.475,49.8548,49.2346,48.6144,47.9942,47.374
Isle of Man,IMN,青春期生育率（每千名 15-19 岁女性生育数）,,,,,,,,,,,,,,,,,,
India,IND,青春期生育率（每千名 15-19 岁女性生育数）,66.837,63.498,60.159,57.039,53.919,50.799,47.679,44.559,41.2576,37.9562,34.6548,31.3534,28.052,25.077,22.102,19.127,16.152,13.177
Ireland,IRL,青春期生育率（每千名 15-19 岁女性生育数）,18.5508,18.6704,18.79,18.2878,17.7856,17.2834,16.7812,16.279,15.1788,14.0786,12.9784,11.8782,10.778,10.1254,9.4728,8.8202,8.1676,7.515
"Iran, Islamic Rep.",IRN,青春期生育率（每千名 15-19 岁女性生育数）,37.3756,35.0628,32.75,32.507,32.264,32.021,31.778,31.535,32.1422,32.7494,33.3566,33.9638,34.571,35.7838,36.9966,38.2094,39.4222,40.635
Iraq,IRQ,青春期生育率（每千名 15-19 岁女性生育数）,63.8182,63.4836,63.149,65.2888,67.4286,69.5684,71.7082,73.848,74.977,76.106,77.235,78.364,79.493,77.941,76.389,74.837,73.285,71.733
Iceland,ISL,青春期生育率（每千名 15-19 岁女性生育数）,19.7576,18.5038,17.25,16.66,16.07,15.48,14.89,14.3,13.312,12.324,11.336,10.348,9.36,8.7418,8.1236,7.5054,6.8872,6.269
Israel,ISR,青春期生育率（每千名 15-19 岁女性生育数）,16.6924,16.3722,16.052,15.6492,15.2464,14.8436,14.4408,14.038,13.539,13.04,12.541,12.042,11.543,11.1558,10.7686,10.3814,9.9942,9.607
Italy,ITA,青春期生育率（每千名 15-19 岁女性生育数）,6.8174,6.9472,7.077,7.0614,7.0458,7.0302,7.0146,6.999,6.778,6.557,6.336,6.115,5.894,5.7632,5.6324,5.5016,5.3708,5.24
Jamaica,JAM,青春期生育率（每千名 15-19 岁女性生育数）,87.8926,85.9368,83.981,81.9904,79.9998,78.0092,76.0186,74.028,71.3732,68.7184,66.0636,63.4088,60.754,59.1546,57.5552,55.9558,54.3564,52.757
Jordan,JOR,青春期生育率（每千名 15-19 岁女性生育数）,37.1052,35.7926,34.48,33.7066,32.9332,32.1598,31.3864,30.613,30.1072,29.6014,29.0956,28.5898,28.084,27.6426,27.2012,26.7598,26.3184,25.877
Japan,JPN,青春期生育率（每千名 15-19 岁女性生育数）,5.1366,5.3978,5.659,5.55,5.441,5.332,5.223,5.114,4.987,4.86,4.733,4.606,4.479,4.3392,4.1994,4.0596,3.9198,3.78
Kazakhstan,KAZ,青春期生育率（每千名 15-19 岁女性生育数）,34.3114,31.7192,29.127,28.9122,28.6974,28.4826,28.2678,28.053,28.7044,29.3558,30.0072,30.6586,31.31,30.998,30.686,30.374,30.062,29.75
Kenya,KEN,青春期生育率（每千名 15-19 岁女性生育数）,107.1176,105.6588,104.2,102.7784,101.3568,99.9352,98.5136,97.092,94.9042,92.7164,90.5286,88.3408,86.153,83.938,81.723,79.508,77.293,75.078
Kyrgyz Republic,KGZ,青春期生育率（每千名 15-19 岁女性生育数）,45.622,39.986,34.35,33.4292,32.5084,31.5876,30.6668,29.746,32.6004,35.4548,38.3092,41.1636,44.018,41.767,39.516,37.265,35.014,32.763
Cambodia,KHM,青春期生育率（每千名 15-19 岁女性生育数）,49.5172,48.8526,48.188,47.946,47.704,47.462,47.22,46.978,47.3456,47.7132,48.0808,48.4484,48.816,49.0882,49.3604,49.6326,49.9048,50.177
Kiribati,KIR,青春期生育率（每千名 15-19 岁女性生育数）,36.7252,35.1136,33.502,32.2492,30.9964,29.7436,28.4908,27.238,26.0172,24.7964,23.5756,22.3548,21.134,20.1426,19.1512,18.1598,17.1684,16.177
St. Kitts and Nevis,KNA,青春期生育率（每千名 15-19 岁女性生育数）,,,,,,,,,,,,,,,,,,
"Korea, Rep.",KOR,青春期生育率（每千名 15-19 岁女性生育数）,2.4844,2.3372,2.19,2.1518,2.1136,2.0754,2.0372,1.999,1.9524,1.9058,1.8592,1.8126,1.766,1.6886,1.6112,1.5338,1.4564,1.379
Kuwait,KWT,青春期生育率（每千名 15-19 岁女性生育数）,22.3212,20.9936,19.666,18.4026,17.1392,15.8758,14.6124,13.349,12.5684,11.7878,11.0072,10.2266,9.446,9.1956,8.9452,8.6948,8.4444,8.194
,LAC,青春期生育率（每千名 15-19 岁女性生育数）,83.42946809,82.44118021,81.44268529,80.00874202,78.5947346,77.20077232,75.81161602,74.43096202,73.31070216,72.1816562,71.04160391,69.88447321,68.71715544,67.72908173,66.73955783,65.74986275,64.73229828,63.72442549
Lao PDR,LAO,青春期生育率（每千名 15-19 岁女性生育数）,82.354,79.81,77.266,76.2206,75.1752,74.1298,73.0844,72.039,71.1644,70.2898,69.4152,68.5406,67.666,67.2148,66.7636,66.3124,65.8612,65.41
Lebanon,LBN,青春期生育率（每千名 15-19 岁女性生育数）,25.0224,23.0952,21.168,19.944,18.72,17.496,16.272,15.048,15.3332,15.6184,15.9036,16.1888,16.474,16.0792,15.6844,15.2896,14.8948,14.5
Liberia,LBR,青春期生育率（每千名 15-19 岁女性生育数）,148.8488,147.7614,146.674,145.5752,144.4764,143.3776,142.2788,141.18,140.7524,140.3248,139.8972,139.4696,139.042,138.426,137.81,137.194,136.578,135.962
Libya,LBY,青春期生育率（每千名 15-19 岁女性生育数）,7.1272,6.7316,6.336,6.3188,6.3016,6.2844,6.2672,6.25,6.225,6.2,6.175,6.15,6.125,6.0538,5.9826,5.9114,5.8402,5.769
St. Lucia,LCA,青春期生育率（每千名 15-19 岁女性生育数）,60.667,57.621,54.575,53.292,52.009,50.726,49.443,48.16,47.3608,46.5616,45.7624,44.9632,44.164,43.4384,42.7128,41.9872,41.2616,40.536
Liechtenstein,LIE,青春期生育率（每千名 15-19 岁女性生育数）,,,,,,,,,,,,,,,,,,
Sri Lanka,LKA,青春期生育率（每千名 15-19 岁女性生育数）,28.4064,28.1552,27.904,26.781,25.658,24.535,23.412,22.289,22.2006,22.1122,22.0238,21.9354,21.847,21.6628,21.4786,21.2944,21.1102,20.926
Lesotho,LSO,青春期生育率（每千名 15-19 岁女性生育数）,86.9672,87.4536,87.94,87.7282,87.5164,87.3046,87.0928,86.881,87.3072,87.7334,88.1596,88.5858,89.012,89.7548,90.4976,91.2404,91.9832,92.726
Lithuania,LTU,青春期生育率（每千名 15-19 岁女性生育数）,25.3534,23.2132,21.073,20.6424,20.2118,19.7812,19.3506,18.92,17.8216,16.7232,15.6248,14.5264,13.428,12.9132,12.3984,11.8836,11.3688,10.854
Luxembourg,LUX,青春期生育率（每千名 15-19 岁女性生育数）,11.0842,11.3926,11.701,11.286,10.871,10.456,10.041,9.626,8.9816,8.3372,7.6928,7.0484,6.404,6.0686,5.7332,5.3978,5.0624,4.727
Latvia,LVA,青春期生育率（每千名 15-19 岁女性生育数）,19.1344,18.2012,17.268,17.4462,17.6244,17.8026,17.9808,18.159,17.585,17.011,16.437,15.863,15.289,15.4654,15.6418,15.8182,15.9946,16.171
"Macao SAR, China",MAC,青春期生育率（每千名 15-19 岁女性生育数）,5.1294,4.7032,4.277,4.0908,3.9046,3.7184,3.5322,3.346,3.318,3.29,3.262,3.234,3.206,3.041,2.876,2.711,2.546,2.381
St. Martin (French part),MAF,青春期生育率（每千名 15-19 岁女性生育数）,,,,,,,,,,,,,,,,,,
Morocco,MAR,青春期生育率（每千名 15-19 岁女性生育数）,35.5236,35.7578,35.992,35.3362,34.6804,34.0246,33.3688,32.713,32.894,33.075,33.256,33.437,33.618,33.1012,32.5844,32.0676,31.5508,31.034
Monaco,MCO,青春期生育率（每千名 15-19 岁女性生育数）,,,,,,,,,,,,,,,,,,
Moldova,MDA,青春期生育率（每千名 15-19 岁女性生育数）,41.8018,36.3784,30.955,30.1968,29.4386,28.6804,27.9222,27.164,26.8846,26.6052,26.3258,26.0464,25.767,25.0966,24.4262,23.7558,23.0854,22.415
Madagascar,MDG,青春期生育率（每千名 15-19 岁女性生育数）,151.7314,150.6022,149.473,146.4332,143.3934,140.3536,137.3138,134.274,131.4256,128.5772,125.7288,122.8804,120.032,117.9436,115.8552,113.7668,111.6784,109.59
Maldives,MDV,青春期生育率（每千名 15-19 岁女性生育数）,31.0428,26.5614,22.08,20.731,19.382,18.033,16.684,15.335,14.4272,13.5194,12.6116,11.7038,10.796,10.1988,9.6016,9.0044,8.4072,7.81
Mexico,MEX,青春期生育率（每千名 15-19 岁女性生育数）,78.876,77.508,76.14,74.971,73.802,72.633,71.464,70.295,69.43,68.565,67.7,66.835,65.97,64.849,63.728,62.607,61.486,60.365
Marshall Islands,MHL,青春期生育率（每千名 15-19 岁女性生育数）,,,,,,,,,,,,,,,,,,
North Macedonia,MKD,青春期生育率（每千名 15-19 岁女性生育数）,28.1426,25.9318,23.721,23.1162,22.5114,21.9066,21.3018,20.697,20.1614,19.6258,19.0902,18.5546,18.019,17.5598,17.1006,16.6414,16.1822,15.723
Mali,MLI,青春期生育率（每千名 15-19 岁女性生育数）,188.1362,187.1996,186.263,186.1042,185.9454,185.7866,185.6278,185.469,184.1562,182.8434,181.5306,180.2178,178.905,176.9494,174.9938,173.0382,171.0826,169.127
Malta,MLT,青春期生育率（每千名 15-19 岁女性生育数）,19.6294,20.0452,20.461,19.975,19.489,19.003,18.517,18.031,17.0822,16.1334,15.1846,14.2358,13.287,13.2054,13.1238,13.0422,12.9606,12.879
Myanmar,MMR,青春期生育率（每千名 15-19 岁女性生育数）,37.878,37.483,37.088,36.2962,35.5044,34.7126,33.9208,33.129,32.4684,31.8078,31.1472,30.4866,29.826,29.5626,29.2992,29.0358,28.7724,28.509
Montenegro,MNE,青春期生育率（每千名 15-19 岁女性生育数）,18.628,17.555,16.482,16.929,17.376,17.823,18.27,18.717,17.6396,16.5622,15.4848,14.4074,13.33,12.5266,11.7232,10.9198,10.1164,9.313
Mongolia,MNG,青春期生育率（每千名 15-19 岁女性生育数）,25.5016,23.5248,21.548,21.0794,20.6108,20.1422,19.6736,19.205,20.6802,22.1554,23.6306,25.1058,26.581,27.4634,28.3458,29.2282,30.1106,30.993
Northern Mariana Islands,MNP,青春期生育率（每千名 15-19 岁女性生育数）,,,,,,,,,,,,,,,,,,
Mozambique,MOZ,青春期生育率（每千名 15-19 岁女性生育数）,183.1252,182.1646,181.204,179.1288,177.0536,174.9784,172.9032,170.828,168.4914,166.1548,163.8182,161.4816,159.145,157.0412,154.9374,152.8336,150.7298,148.626
Mauritania,MRT,青春期生育率（每千名 15-19 岁女性生育数）,96.4362,95.1196,93.803,92.2036,90.6042,89.0048,87.4054,85.806,84.4482,83.0904,81.7326,80.3748,79.017,77.4234,75.8298,74.2362,72.6426,71.049
Mauritius,MUS,青春期生育率（每千名 15-19 岁女性生育数）,36.4048,36.4434,36.482,36.1596,35.8372,35.5148,35.1924,34.87,33.5722,32.2744,30.9766,29.6788,28.381,27.8518,27.3226,26.7934,26.2642,25.735
Malawi,MWI,青春期生育率（每千名 15-19 岁女性生育数）,157.79,156.752,155.714,155.4768,155.2396,155.0024,154.7652,154.528,152.471,150.414,148.357,146.3,144.243,141.9286,139.6142,137.2998,134.9854,132.671
Malaysia,MYS,青春期生育率（每千名 15-19 岁女性生育数）,13.7106,13.3598,13.009,12.9564,12.9038,12.8512,12.7986,12.746,12.8266,12.9072,12.9878,13.0684,13.149,13.202,13.255,13.308,13.361,13.414
Namibia,NAM,青春期生育率（每千名 15-19 岁女性生育数）,84.8626,83.4088,81.955,81.7756,81.5962,81.4168,81.2374,81.058,80.6428,80.2276,79.8124,79.3972,78.982,75.911,72.84,69.769,66.698,63.627
New Caledonia,NCL,青春期生育率（每千名 15-19 岁女性生育数）,27.4558,26.1074,24.759,23.986,23.213,22.44,21.667,20.894,20.2538,19.6136,18.9734,18.3332,17.693,17.1204,16.5478,15.9752,15.4026,14.83
Niger,NER,青春期生育率（每千名 15-19 岁女性生育数）,217.1594,216.3542,215.549,214.3628,213.1766,211.9904,210.8042,209.618,207.843,206.068,204.293,202.518,200.743,197.902,195.061,192.22,189.379,186.538
Nigeria,NGA,青春期生育率（每千名 15-19 岁女性生育数）,132.8236,131.5528,130.282,128.8608,127.4396,126.0184,124.5972,123.176,121.9508,120.7256,119.5004,118.2752,117.05,115.106,113.162,111.218,109.274,107.33
Nicaragua,NIC,青春期生育率（每千名 15-19 岁女性生育数）,118.6528,115.6874,112.722,110.6432,108.5644,106.4856,104.4068,102.328,100.6512,98.9744,97.2976,95.6208,93.944,92.1532,90.3624,88.5716,86.7808,84.99
Netherlands,NLD,青春期生育率（每千名 15-19 岁女性生育数）,6.7504,6.9432,7.136,6.7676,6.3992,6.0308,5.6624,5.294,5.1248,4.9556,4.7864,4.6172,4.448,4.316,4.184,4.052,3.92,3.788
Norway,NOR,青春期生育率（每千名 15-19 岁女性生育数）,11.1134,10.5452,9.977,9.7642,9.5514,9.3386,9.1258,8.913,8.3382,7.7634,7.1886,6.6138,6.039,5.8594,5.6798,5.5002,5.3206,5.141
Nepal,NPL,青春期生育率（每千名 15-19 岁女性生育数）,112.9564,108.9132,104.87,101.6756,98.4812,95.2868,92.0924,88.898,86.3322,83.7664,81.2006,78.6348,76.069,73.8794,71.6898,69.5002,67.3106,65.121
Nauru,NRU,青春期生育率（每千名 15-19 岁女性生育数）,,,,,,,,,,,,,,,,,,
New Zealand,NZL,青春期生育率（每千名 15-19 岁女性生育数）,27.9774,27.3492,26.721,27.397,28.073,28.749,29.425,30.101,28.6666,27.2322,25.7978,24.3634,22.929,22.1972,21.4654,20.7336,20.0018,19.27
Oman,OMN,青春期生育率（每千名 15-19 岁女性生育数）,30.0226,25.5458,21.069,19.5742,18.0794,16.5846,15.0898,13.595,13.8746,14.1542,14.4338,14.7134,14.993,14.6056,14.2182,13.8308,13.4434,13.056
Pakistan,PAK,青春期生育率（每千名 15-19 岁女性生育数）,56.3922,53.7546,51.117,49.6102,48.1034,46.5966,45.0898,43.583,43.1674,42.7518,42.3362,41.9206,41.505,40.9644,40.4238,39.8832,39.3426,38.802
Panama,PAN,青春期生育率（每千名 15-19 岁女性生育数）,91.3934,90.5302,89.667,89.3196,88.9722,88.6248,88.2774,87.93,87.7162,87.5024,87.2886,87.0748,86.861,85.8544,84.8478,83.8412,82.8346,81.828
Peru,PER,青春期生育率（每千名 15-19 岁女性生育数）,72.4538,71.9814,71.509,71.5174,71.5258,71.5342,71.5426,71.551,69.7044,67.8578,66.0112,64.1646,62.318,61.2308,60.1436,59.0564,57.9692,56.882
Philippines,PHL,青春期生育率（每千名 15-19 岁女性生育数）,51.948,52.91,53.872,54.014,54.156,54.298,54.44,54.582,55.1214,55.6608,56.2002,56.7396,57.279,56.654,56.029,55.404,54.779,54.154
Palau,PLW,青春期生育率（每千名 15-19 岁女性生育数）,,,,,,,,,,,,,,,,,,
Papua New Guinea,PNG,青春期生育率（每千名 15-19 岁女性生育数）,67.6438,66.3234,65.003,64.2228,63.4426,62.6624,61.8822,61.102,60.1964,59.2908,58.3852,57.4796,56.574,55.7902,55.0064,54.2226,53.4388,52.655
Poland,POL,青春期生育率（每千名 15-19 岁女性生育数）,16.9076,16.1988,15.49,15.5802,15.6704,15.7606,15.8508,15.941,15.6194,15.2978,14.9762,14.6546,14.333,13.574,12.815,12.056,11.297,10.538
Puerto Rico,PRI,青春期生育率（每千名 15-19 岁女性生育数）,68.2096,66.8128,65.416,62.4532,59.4904,56.5276,53.5648,50.602,49.6004,48.5988,47.5972,46.5956,45.594,42.2948,38.9956,35.6964,32.3972,29.098
"Korea, Dem. People’s Rep.",PRK,青春期生育率（每千名 15-19 岁女性生育数）,1.0744,1.0172,0.96,0.8928,0.8256,0.7584,0.6912,0.624,0.561,0.498,0.435,0.372,0.309,0.3038,0.2986,0.2934,0.2882,0.283
Portugal,PRT,青春期生育率（每千名 15-19 岁女性生育数）,20.2862,20.2426,20.199,19.4064,18.6138,17.8212,17.0286,16.236,15.2716,14.3072,13.3428,12.3784,11.414,10.8072,10.2004,9.5936,8.9868,8.38
Paraguay,PRY,青春期生育率（每千名 15-19 岁女性生育数）,86.9502,85.8606,84.771,83.4868,82.2026,80.9184,79.6342,78.35,77.2654,76.1808,75.0962,74.0116,72.927,72.4424,71.9578,71.4732,70.9886,70.504
West Bank and Gaza,PSE,青春期生育率（每千名 15-19 岁女性生育数）,81.1304,75.8392,70.548,69.6038,68.6596,67.7154,66.7712,65.827,64.82,63.813,62.806,61.799,60.792,59.1868,57.5816,55.9764,54.3712,52.766
French Polynesia,PYF,青春期生育率（每千名 15-19 岁女性生育数）,47.4068,46.8134,46.22,45.2724,44.3248,43.3772,42.4296,41.482,41.4174,41.3528,41.2882,41.2236,41.159,40.6648,40.1706,39.6764,39.1822,38.688
Qatar,QAT,青春期生育率（每千名 15-19 岁女性生育数）,20.4854,19.7272,18.969,18.224,17.479,16.734,15.989,15.244,14.4488,13.6536,12.8584,12.0632,11.268,10.9988,10.7296,10.4604,10.1912,9.922
Romania,ROU,青春期生育率（每千名 15-19 岁女性生育数）,37.409,36.439,35.469,36.7016,37.9342,39.1668,40.3994,41.632,40.6178,39.6036,38.5894,37.5752,36.561,36.491,36.421,36.351,36.281,36.211
Russia,RUS,青春期生育率（每千名 15-19 岁女性生育数）,30.5882,29.1006,27.613,28.019,28.425,28.831,29.237,29.643,28.9984,28.3538,27.7092,27.0646,26.42,25.2758,24.1316,22.9874,21.8432,20.699
Rwanda,RWA,青春期生育率（每千名 15-19 岁女性生育数）,48.9988,47.7894,46.58,45.348,44.116,42.884,41.652,40.42,40.445,40.47,40.495,40.52,40.545,40.2588,39.9726,39.6864,39.4002,39.114
South Asia,SAS,青春期生育率（每千名 15-19 岁女性生育数）,71.90156801,68.70279403,65.51451972,62.7143862,59.91610814,57.11657605,54.28492658,51.455525,48.71680774,46.00152029,43.31045306,40.65958392,38.00789492,35.57150164,33.11449949,30.63498048,28.1174953,25.58497242
Saudi Arabia,SAU,青春期生育率（每千名 15-19 岁女性生育数）,27.3198,24.2884,21.257,19.4694,17.6818,15.8942,14.1066,12.319,11.9372,11.5554,11.1736,10.7918,10.41,9.7928,9.1756,8.5584,7.9412,7.324
Sudan,SDN,青春期生育率（每千名 15-19 岁女性生育数）,116.3534,118.1832,120.013,118.0844,116.1558,114.2272,112.2986,110.37,104.2976,98.2252,92.1528,86.0804,80.008,76.805,73.602,70.399,67.196,63.993
Senegal,SEN,青春期生育率（每千名 15-19 岁女性生育数）,104.0724,102.1842,100.296,98.9416,97.5872,96.2328,94.8784,93.524,91.5394,89.5548,87.5702,85.5856,83.601,81.4258,79.2506,77.0754,74.9002,72.725
Singapore,SGP,青春期生育率（每千名 15-19 岁女性生育数）,7.501,7.521,7.541,7.225,6.909,6.593,6.277,5.961,5.5506,5.1402,4.7298,4.3194,3.909,3.8332,3.7574,3.6816,3.6058,3.53
Solomon Islands,SLB,青春期生育率（每千名 15-19 岁女性生育数）,70.517,70.315,70.113,68.6146,67.1162,65.6178,64.1194,62.621,65.6974,68.7738,71.8502,74.9266,78.003,78.003,78.003,78.003,78.003,78.003
Sierra Leone,SLE,青春期生育率（每千名 15-19 岁女性生育数）,160.9152,159.1806,157.446,155.1738,152.9016,150.6294,148.3572,146.085,142.1864,138.2878,134.3892,130.4906,126.592,123.8392,121.0864,118.3336,115.5808,112.828
El Salvador,SLV,青春期生育率（每千名 15-19 岁女性生育数）,91.262,89.962,88.662,87.4288,86.1956,84.9624,83.7292,82.496,80.6998,78.9036,77.1074,75.3112,73.515,72.7038,71.8926,71.0814,70.2702,69.459
San Marino,SMR,青春期生育率（每千名 15-19 岁女性生育数）,,,,,,,,,,,,,,,,,,
Somalia,SOM,青春期生育率（每千名 15-19 岁女性生育数）,127.0688,127.2234,127.378,127.326,127.274,127.222,127.17,127.118,123.7696,120.4212,117.0728,113.7244,110.376,108.3178,106.2596,104.2014,102.1432,100.085
Serbia,SRB,青春期生育率（每千名 15-19 岁女性生育数）,27.104,26.348,25.592,24.934,24.276,23.618,22.96,22.302,21.5944,20.8868,20.1792,19.4716,18.764,17.9524,17.1408,16.3292,15.5176,14.706
South Sudan,SSD,青春期生育率（每千名 15-19 岁女性生育数）,123.8528,121.8664,119.88,115.5712,111.2624,106.9536,102.6448,98.336,94.2836,90.2312,86.1788,82.1264,78.074,74.8672,71.6604,68.4536,65.2468,62.04
Sao Tome and Principe,STP,青春期生育率（每千名 15-19 岁女性生育数）,112.9276,111.9328,110.938,109.9428,108.9476,107.9524,106.9572,105.962,104.8588,103.7556,102.6524,101.5492,100.446,99.2788,98.1116,96.9444,95.7772,94.61
Suriname,SUR,青春期生育率（每千名 15-19 岁女性生育数）,84.4904,82.8232,81.156,79.4176,77.6792,75.9408,74.2024,72.464,71.0692,69.6744,68.2796,66.8848,65.49,64.723,63.956,63.189,62.422,61.655
Slovak Republic,SVK,青春期生育率（每千名 15-19 岁女性生育数）,23.2876,21.9838,20.68,20.7664,20.8528,20.9392,21.0256,21.112,21.3824,21.6528,21.9232,22.1936,22.464,23.108,23.752,24.396,25.04,25.684
Slovenia,SVN,青春期生育率（每千名 15-19 岁女性生育数）,7.1828,6.5204,5.858,5.7196,5.5812,5.4428,5.3044,5.166,5.0788,4.9916,4.9044,4.8172,4.73,4.5392,4.3484,4.1576,3.9668,3.776
Sweden,SWE,青春期生育率（每千名 15-19 岁女性生育数）,6.7206,6.5558,6.391,6.3152,6.2394,6.1636,6.0878,6.012,5.8922,5.7724,5.6526,5.5328,5.413,5.3456,5.2782,5.2108,5.1434,5.076
Eswatini,SWZ,青春期生育率（每千名 15-19 岁女性生育数）,108.631,106.651,104.671,102.145,99.619,97.093,94.567,92.041,89.5948,87.1486,84.7024,82.2562,79.81,79.187,78.564,77.941,77.318,76.695
Sint Maarten (Dutch part),SXM,青春期生育率（每千名 15-19 岁女性生育数）,,,,,,,,,,,,,,,,,,
Seychelles,SYC,青春期生育率（每千名 15-19 岁女性生育数）,57.9036,57.9018,57.9,58.3022,58.7044,59.1066,59.5088,59.911,60.1906,60.4702,60.7498,61.0294,61.309,61.4572,61.6054,61.7536,61.9018,62.05
Syrian Arab Republic,SYR,青春期生育率（每千名 15-19 岁女性生育数）,60.0856,58.5598,57.034,55.9606,54.8872,53.8138,52.7404,51.667,49.9912,48.3154,46.6396,44.9638,43.288,42.3488,41.4096,40.4704,39.5312,38.592
Turks and Caicos Islands,TCA,青春期生育率（每千名 15-19 岁女性生育数）,,,,,,,,,,,,,,,,,,
Chad,TCD,青春期生育率（每千名 15-19 岁女性生育数）,212.41,211.069,209.728,206.9984,204.2688,201.5392,198.8096,196.08,192.508,188.936,185.364,181.792,178.22,174.794,171.368,167.942,164.516,161.09
Togo,TGO,青春期生育率（每千名 15-19 岁女性生育数）,94.9228,94.2374,93.552,93.3896,93.2272,93.0648,92.9024,92.74,92.5394,92.3388,92.1382,91.9376,91.737,91.2078,90.6786,90.1494,89.6202,89.091
Thailand,THA,青春期生育率（每千名 15-19 岁女性生育数）,43.44,42.674,41.908,42.0144,42.1208,42.2272,42.3336,42.44,44.2646,46.0892,47.9138,49.7384,51.563,50.232,48.901,47.57,46.239,44.908
Tajikistan,TJK,青春期生育率（每千名 15-19 岁女性生育数）,45.6764,44.1422,42.608,43.0068,43.4056,43.8044,44.2032,44.602,45.7672,46.9324,48.0976,49.2628,50.428,51.7576,53.0872,54.4168,55.7464,57.076
Turkmenistan,TKM,青春期生育率（每千名 15-19 岁女性生育数）,24.8256,24.6228,24.42,23.9656,23.5112,23.0568,22.6024,22.148,23.0094,23.8708,24.7322,25.5936,26.455,26.0476,25.6402,25.2328,24.8254,24.418
Timor-Leste,TLS,青春期生育率（每千名 15-19 岁女性生育数）,61.6138,62.3004,62.987,61.0722,59.1574,57.2426,55.3278,53.413,50.5006,47.5882,44.6758,41.7634,38.851,37.8378,36.8246,35.8114,34.7982,33.785
Tonga,TON,青春期生育率（每千名 15-19 岁女性生育数）,21.7608,21.5134,21.266,20.8098,20.3536,19.8974,19.4412,18.985,18.5084,18.0318,17.5552,17.0786,16.602,16.214,15.826,15.438,15.05,14.662
Trinidad and Tobago,TTO,青春期生育率（每千名 15-19 岁女性生育数）,40.7776,39.6038,38.43,38.3616,38.2932,38.2248,38.1564,38.088,37.4314,36.7748,36.1182,35.4616,34.805,33.862,32.919,31.976,31.033,30.09
Tunisia,TUN,青春期生育率（每千名 15-19 岁女性生育数）,7.5222,6.8066,6.091,6.1592,6.2274,6.2956,6.3638,6.432,6.6636,6.8952,7.1268,7.3584,7.59,7.6402,7.6904,7.7406,7.7908,7.841
Turkey,TUR,青春期生育率（每千名 15-19 岁女性生育数）,49.0298,47.1464,45.263,43.9132,42.5634,41.2136,39.8638,38.514,37.0598,35.6056,34.1514,32.6972,31.243,30.3062,29.3694,28.4326,27.4958,26.559
Tuvalu,TUV,青春期生育率（每千名 15-19 岁女性生育数）,,,,,,,,,,,,,,,,,,
Tanzania,TZA,青春期生育率（每千名 15-19 岁女性生育数）,134.261,134.218,134.175,134.03,133.885,133.74,133.595,133.45,131.392,129.334,127.276,125.218,123.16,122.205,121.25,120.295,119.34,118.385
Uganda,UGA,青春期生育率（每千名 15-19 岁女性生育数）,171.6676,169.3438,167.02,163.7628,160.5056,157.2484,153.9912,150.734,146.9648,143.1956,139.4264,135.6572,131.888,129.2776,126.6672,124.0568,121.4464,118.836
Ukraine,UKR,青春期生育率（每千名 15-19 岁女性生育数）,34.9826,32.1308,29.279,29.5054,29.7318,29.9582,30.1846,30.411,29.9194,29.4278,28.9362,28.4446,27.953,27.1046,26.2562,25.4078,24.5594,23.711
Uruguay,URY,青春期生育率（每千名 15-19 岁女性生育数）,65.7322,65.2146,64.697,63.9782,63.2594,62.5406,61.8218,61.103,61.013,60.923,60.833,60.743,60.653,60.2678,59.8826,59.4974,59.1122,58.727
United States,USA,青春期生育率（每千名 15-19 岁女性生育数）,46.1652,44.4236,42.682,42.0618,41.4416,40.8214,40.2012,39.581,37.2522,34.9234,32.5946,30.2658,27.937,26.3216,24.7062,23.0908,21.4754,19.86
Uzbekistan,UZB,青春期生育率（每千名 15-19 岁女性生育数）,27.8296,23.0858,18.342,18.295,18.248,18.201,18.154,18.107,19.2436,20.3802,21.5168,22.6534,23.79,23.79,23.79,23.79,23.79,23.79
St. Vincent and the Grenadines,VCT,青春期生育率（每千名 15-19 岁女性生育数）,69.2202,66.9126,64.605,63.4696,62.3342,61.1988,60.0634,58.928,58.044,57.16,56.276,55.392,54.508,53.4104,52.3128,51.2152,50.1176,49.02
"Venezuela, RB",VEN,青春期生育率（每千名 15-19 岁女性生育数）,92.8978,92.4974,92.097,91.6574,91.2178,90.7782,90.3386,89.899,89.4832,89.0674,88.6516,88.2358,87.82,87.3234,86.8268,86.3302,85.8336,85.337
British Virgin Islands,VGB,青春期生育率（每千名 15-19 岁女性生育数）,,,,,,,,,,,,,,,,,,
Virgin Islands (U.S.),VIR,青春期生育率（每千名 15-19 岁女性生育数）,55.4724,52.4602,49.448,49.4754,49.5028,49.5302,49.5576,49.585,48.8174,48.0498,47.2822,46.5146,45.747,42.375,39.003,35.631,32.259,28.887
Vietnam,VNM,青春期生育率（每千名 15-19 岁女性生育数）,28.6456,28.2778,27.91,28.4872,29.0644,29.6416,30.2188,30.796,31.849,32.902,33.955,35.008,36.061,35.0346,34.0082,32.9818,31.9554,30.929
Vanuatu,VUT,青春期生育率（每千名 15-19 岁女性生育数）,59.946,59.273,58.6,57.9142,57.2284,56.5426,55.8568,55.171,54.6456,54.1202,53.5948,53.0694,52.544,51.9226,51.3012,50.6798,50.0584,49.437
World,WLD,青春期生育率（每千名 15-19 岁女性生育数）,56.32757328,54.77163833,53.07581644,51.69628582,50.52288942,49.646087,48.96110952,48.55494262,48.35958956,48.15123919,47.80662055,47.32477523,46.70487967,45.91674605,45.08838378,44.25737764,43.36176436,42.455699
Samoa,WSM,青春期生育率（每千名 15-19 岁女性生育数）,40.2346,38.6148,36.995,35.9308,34.8666,33.8024,32.7382,31.674,30.9894,30.3048,29.6202,28.9356,28.251,27.378,26.505,25.632,24.759,23.886
Kosovo,XKX,青春期生育率（每千名 15-19 岁女性生育数）,,,,,,,,,,,,,,,,,,
"Yemen, Rep.",YEM,青春期生育率（每千名 15-19 岁女性生育数）,95.856,90.703,85.55,83.76,81.97,80.18,78.39,76.6,74.8144,73.0288,71.2432,69.4576,67.672,66.208,64.744,63.28,61.816,60.352
South Africa,ZAF,青春期生育率（每千名 15-19 岁女性生育数）,70.2842,68.0176,65.751,66.0524,66.3538,66.6552,66.9566,67.258,68.2016,69.1452,70.0888,71.0324,71.976,71.1624,70.3488,69.5352,68.7216,67.908
Zambia,ZMB,青春期生育率（每千名 15-19 岁女性生育数）,159.9716,159.8588,159.746,157.5886,155.4312,153.2738,151.1164,148.959,146.5064,144.0538,141.6012,139.1486,136.696,133.3792,130.0624,126.7456,123.4288,120.112
Zimbabwe,ZWE,青春期生育率（每千名 15-19 岁女性生育数）,100.2418,100.2964,100.351,102.499,104.647,106.795,108.943,111.091,110.6414,110.1918,109.7422,109.2926,108.843,104.3014,99.7598,95.2182,90.6766,86.135
